var_0,var_1,quality
24,15,-1.540673638502658
37,46,0.0
34,8,-10.344193111909247
37,3,-19.785404482216013
34,3,-19.785404482216013
5,48,-13.683253563961438
12,25,-4.147829667361707
31,50,0.0
49,7,-12.455203453609174
22,9,-8.947566258128147
23,26,10.016559160796449
37,36,0.0
5,46,-13.683253563961438
18,23,5.090611737393766
40,10,-8.361121448879597
52,8,-10.344193111909247
6,7,-13.426768114397303
8,27,-8.693224029013505
7,30,-10.297335716209968
50,49,0.0
8,32,-8.693224029013505
4,19,-14.286462753924273
14,40,-0.8650477945691892
6,19,-11.751396651041384
6,33,-11.751381800015736
47,6,-12.84202221998138
44,11,-7.2283080148231775
31,12,-6.05755615999122
14,21,-0.8738224874283181
8,10,-8.901421633091926
27,32,0.0
50,27,11.791165551062651
28,44,0.0
27,41,0.0
16,19,1.9827335166283255
37,19,4.666052236993791
25,51,0.0
38,47,0.0
9,11,-7.309171193269859
7,5,-15.935414736478233
20,26,6.5446127371864
48,12,-6.05755615999122
47,4,-17.012310274261377
22,40,8.255841715545385
50,12,-6.05755615999122
26,13,-3.7084776768065795
12,10,-7.005175525206369
23,7,-12.455203453609174
21,5,-14.515799133427219
42,12,-6.05755615999122
11,42,-6.1169835321367385
32,46,0.0
17,5,-14.515799133427219
49,49,0.0
10,32,-5.76843281900354
45,46,0.0
47,9,-8.947566258128147
35,43,0.0
22,46,8.255841715545385
28,7,-12.455203453609174
13,42,-1.9118088991036317
28,40,0.0
14,19,-0.9809692268523527
22,23,9.166792772922843
39,16,1.0300546212391035
37,28,12.910397127008302
19,40,6.13804291642369
39,24,10.628684255246455
35,49,0.0
41,12,-6.05755615999122
50,22,9.602570129831907
28,16,1.0300546212391035
29,46,0.0
17,22,2.2617463017733903
9,38,-7.858552744444414
10,30,-5.76843281900354
23,49,10.137808404375335
46,21,8.751514043386525
50,46,0.0
10,19,-5.768828288680011
34,46,0.0
20,17,2.2617463017733903
3,3,-19.785404482216013
26,29,18.940364454211625
6,37,-11.751381800015736
44,23,9.22663742909798
48,29,18.940364454211625
9,45,-7.858552744444414
42,33,0.0
15,28,0.37525321804666945
37,9,-8.947566258128147
13,28,-1.9118088991036317
11,7,-12.493066549748152
19,17,2.2617463017733903
30,27,11.791165551062651
30,18,4.0145353628101965
17,45,2.15016358251667
44,6,-12.84202221998138
50,47,0.0
18,46,5.18474675910669
50,14,-2.6792491776782295
22,49,8.255841715545385
33,10,-8.361121448879597
12,50,-4.147829667361707
50,40,0.0
45,26,11.869788391042226
45,34,0.0
27,4,-17.012310274261377
40,41,0.0
42,30,18.940364454211625
21,48,9.119996934682797
13,3,-19.785404482216013
26,11,-7.2283080148231775
41,20,4.89707801122989
6,25,-11.751381800015736
9,23,-7.858623646316238
7,11,-10.29935234589681
33,37,0.0
20,34,6.5446127371864
42,43,0.0
37,33,0.0
34,40,0.0
44,28,12.910397127008302
38,31,0.0
26,33,0.0
20,20,4.89707801122989
25,21,8.751514043386525
19,36,6.13804291642369
8,44,-8.693224029013505
45,21,8.751514043386525
14,28,-0.8650477945691892
20,36,6.5446127371864
48,44,0.0
32,16,1.0300546212391035
44,25,11.791165550763036
27,21,8.751514043386525
37,32,0.0
42,19,4.666052236993791
28,42,0.0
41,16,1.0300546212391035
30,36,0.0
16,40,1.664167983502631
26,34,0.0
43,17,0.8268665555148601
44,16,1.0300546212391035
33,27,11.791165551062651
11,30,-6.1169835321367385
43,27,11.791165551062651
15,20,0.10872241843706168
32,20,4.89707801122989
6,39,-11.751381800015736
13,39,-1.9118088991036317
15,40,0.37525321804666945
10,20,-5.7674218188611475
48,16,1.0300546212391035
22,27,8.255841715545385
38,27,11.791165551062651
46,33,0.0
13,52,-1.9118088991036317
48,37,0.0
31,20,4.89707801122989
38,5,-14.515799133427219
47,52,0.0
25,25,11.791165550763036
14,38,-0.8650477945691892
37,6,-12.84202221998138
52,36,0.0
16,15,1.1825602364733123
5,29,-13.683253563961438
48,48,0.0
48,13,-3.7084776768065795
24,38,0.0
49,27,11.791165551062651
34,10,-8.361121448879597
15,14,-2.205592790381092
45,9,-8.947566258128147
11,34,-6.1169835321367385
46,35,0.0
29,37,0.0
21,24,8.75054622332143
38,32,0.0
5,35,-13.683253563961438
14,36,-0.8650477945691892
28,38,0.0
50,42,0.0
12,40,-4.147829667361707
11,49,-6.1169835321367385
23,18,2.4209211776078465
51,14,-2.6792491776782295
34,30,18.940364454211625
13,7,-13.576126469049584
8,4,-16.42926277359312
39,4,-17.012310274261377
42,6,-12.84202221998138
33,11,-7.2283080148231775
5,10,-13.565123836105279
7,44,-10.297335716209968
43,44,0.0
24,19,4.666052236993791
26,21,8.751514043386525
6,4,-16.83825075270058
36,31,0.0
6,13,-11.72364155117448
9,5,-15.787252094908132
3,44,-15.235782804487474
15,11,-6.2848969111020585
46,8,-10.344193111909247
23,37,10.137808404375335
41,33,0.0
44,26,11.869788391042226
10,10,-8.361121448879597
17,15,-0.7451937938987436
16,18,2.4375132010193634
45,48,0.0
52,11,-7.2283080148231775
29,49,0.0
11,8,-11.3394820720912
8,19,-8.69271014239275
36,38,0.0
15,7,-11.878522754906385
22,13,-3.7084776768065795
23,43,10.137808404375335
20,21,5.857676077452192
35,27,11.791165551062651
17,41,2.15016358251667
38,11,-7.2283080148231775
17,47,2.15016358251667
19,14,-2.7506880288890394
6,15,-11.744096467870923
51,39,0.0
27,50,0.0
14,34,-0.8650477945691892
52,3,-19.785404482216013
51,11,-7.2283080148231775
10,34,-5.76843281900354
51,10,-8.361121448879597
46,4,-17.012310274261377
47,32,0.0
45,44,0.0
26,18,4.0145353628101965
39,5,-14.515799133427219
40,49,0.0
20,42,6.5446127371864
34,44,0.0
8,33,-8.693224029013505
14,13,-4.317516593016387
27,15,-1.540673638502658
25,27,11.791165551062651
32,31,0.0
44,33,0.0
50,43,0.0
48,51,0.0
11,33,-6.1169835321367385
24,20,4.89707801122989
17,23,2.1553382296470844
21,13,-3.8768285566207035
28,5,-14.515799133427219
36,30,18.940364454211625
33,36,0.0
18,8,-10.344193111909247
40,35,0.0
44,32,0.0
43,15,-1.540673638502658
14,5,-13.8019003869512
35,17,0.8268665555148601
3,33,-15.235782804487474
34,49,0.0
26,47,0.0
52,21,8.751514043386525
24,4,-17.012310274261377
47,48,0.0
39,27,11.791165551062651
22,7,-12.455203453609174
47,5,-14.515799133427219
3,50,-15.235782804487474
44,46,0.0
34,29,18.940364454211625
31,15,-1.540673638502658
27,14,-2.6792491776782295
41,48,0.0
28,15,-1.540673638502658
32,4,-17.012310274261377
33,19,4.666052236993791
29,7,-12.455203453609174
16,4,-17.012310274261377
21,27,9.119996934682797
20,46,6.5446127371864
24,52,0.0
28,50,0.0
35,22,9.602570129831907
14,45,-0.8650477945691892
29,41,0.0
30,40,0.0
11,20,-6.11640371394708
24,41,0.0
38,45,0.0
7,52,-10.297335716209968
52,30,18.940364454211625
40,48,0.0
34,4,-17.012310274261377
36,47,0.0
6,43,-11.751381800015736
49,44,0.0
37,7,-12.455203453609174
39,48,0.0
46,12,-6.05755615999122
43,40,0.0
37,42,0.0
13,38,-1.9118088991036317
29,35,0.0
27,45,0.0
34,16,1.0300546212391035
8,9,-10.229348364143299
51,5,-14.515799133427219
52,16,1.0300546212391035
27,5,-14.515799133427219
4,36,-14.286381667457402
30,29,18.940364454211625
3,31,-15.235782804487474
3,40,-15.235782804487474
35,52,0.0
5,13,-13.680451621753749
4,42,-14.286381667457402
28,49,0.0
25,26,11.869788391042226
16,52,1.664167983502631
43,12,-6.05755615999122
36,46,0.0
29,24,10.628684255246455
9,16,-7.867254870027235
5,17,-13.68310658785347
14,42,-0.8650477945691892
30,7,-12.455203453609174
29,42,0.0
50,50,0.0
30,21,8.751514043386525
4,22,-14.286383197421168
35,16,1.0300546212391035
25,22,9.602570129831907
42,41,0.0
47,24,10.628684255246455
18,9,-9.517220213722833
28,22,9.602570129831907
40,8,-10.344193111909247
31,30,18.940364454211625
26,35,0.0
23,39,10.137808404375335
52,40,0.0
49,39,0.0
42,18,4.0145353628101965
42,21,8.751514043386525
9,20,-7.857630791305861
22,38,8.255841715545385
17,48,2.15016358251667
12,9,-9.960073360842506
27,37,0.0
34,51,0.0
20,30,6.5446127371864
25,28,12.910397127008302
42,13,-3.7084776768065795
26,4,-17.012310274261377
48,35,0.0
43,39,0.0
26,16,1.0300546212391035
10,3,-19.420781585399574
46,52,0.0
23,24,10.553087133881439
51,7,-12.455203453609174
50,7,-12.455203453609174
31,36,0.0
27,20,4.89707801122989
29,26,11.869788391042226
40,18,4.0145353628101965
25,52,0.0
17,4,-17.012310274261377
47,38,0.0
31,14,-2.6792491776782295
42,34,0.0
25,11,-7.2283080148231775
52,26,11.869788391042226
51,47,0.0
20,24,6.591673731986462
19,12,-5.6734689489099575
39,12,-6.05755615999122
35,32,0.0
20,43,6.5446127371864
34,23,9.22663742909798
39,26,11.869788391042226
33,51,0.0
21,9,-8.947566258128147
51,34,0.0
29,31,0.0
51,9,-8.947566258128147
3,23,-15.235782804487474
37,43,0.0
23,12,-6.05755615999122
42,20,4.89707801122989
51,44,0.0
31,46,0.0
4,12,-14.293304998895529
22,50,8.255841715545385
3,24,-15.235782804487474
43,18,4.0145353628101965
29,51,0.0
18,5,-14.515799133427219
49,30,18.940364454211625
19,37,6.13804291642369
5,31,-13.683253563961438
33,41,0.0
51,35,0.0
32,45,0.0
31,10,-8.361121448879597
23,32,10.137808404375335
11,11,-7.2283080148231775
13,12,-6.656962572471833
5,51,-13.683253563961438
49,5,-14.515799133427219
23,23,9.22663742909798
17,31,2.15016358251667
8,34,-8.693224029013505
33,33,0.0
37,4,-17.012310274261377
42,29,18.940364454211625
15,30,0.37525321804666945
28,47,0.0
49,6,-12.84202221998138
15,12,-4.253326425784252
13,18,-1.8699657297720416
49,45,0.0
15,31,0.37525321804666945
18,32,5.18474675910669
48,30,18.940364454211625
16,41,1.664167983502631
40,26,11.869788391042226
24,14,-2.6792491776782295
12,23,-4.147829667361707
49,12,-6.05755615999122
36,13,-3.7084776768065795
44,39,0.0
47,39,0.0
5,27,-13.683253563961438
35,10,-8.361121448879597
37,13,-3.7084776768065795
33,7,-12.455203453609174
21,46,9.119996934682797
6,49,-11.751381800015736
30,15,-1.540673638502658
49,23,9.22663742909798
26,43,0.0
37,27,11.791165551062651
13,24,-1.9121111280424992
44,37,0.0
15,51,0.37525321804666945
41,10,-8.361121448879597
31,22,9.602570129831907
21,50,9.119996934682797
19,35,6.13804291642369
52,14,-2.6792491776782295
48,45,0.0
51,18,4.0145353628101965
17,50,2.15016358251667
47,37,0.0
41,42,0.0
29,47,0.0
17,21,2.1761717513629275
14,50,-0.8650477945691892
9,4,-17.58777552652906
34,39,0.0
22,39,8.255841715545385
35,4,-17.012310274261377
4,51,-14.286381667457402
21,18,2.4209211776078465
47,21,8.751514043386525
32,21,8.751514043386525
19,19,4.666052236993791
29,21,8.751514043386525
29,5,-14.515799133427219
27,22,9.602570129831907
46,20,4.89707801122989
16,48,1.664167983502631
25,40,0.0
8,49,-8.693224029013505
10,4,-17.012310274261377
47,20,4.89707801122989
34,24,10.628684255246455
25,24,10.628684255246455
16,9,-9.517220213722833
30,26,11.869788391042226
45,20,4.89707801122989
22,19,3.122471621233751
7,35,-10.297335716209968
10,23,-5.768388873100964
37,5,-14.515799133427219
24,26,11.869788391042226
5,19,-13.683287479991002
20,15,-1.540673638502658
9,31,-7.858552744444414
50,48,0.0
23,28,10.266885446589294
12,5,-14.657685596649996
5,26,-13.683253563961438
46,14,-2.6792491776782295
8,31,-8.693224029013505
29,18,4.0145353628101965
4,16,-14.286266916839152
43,41,0.0
5,36,-13.683253563961438
17,3,-19.785404482216013
10,36,-5.76843281900354
45,49,0.0
39,15,-1.540673638502658
15,42,0.37525321804666945
16,12,-5.6734689489099575
50,38,0.0
51,36,0.0
28,8,-10.344193111909247
12,39,-4.147829667361707
25,10,-8.361121448879597
41,6,-12.84202221998138
6,20,-11.751475854649119
23,35,10.137808404375335
31,28,12.910397127008302
39,14,-2.6792491776782295
5,44,-13.683253563961438
24,42,0.0
45,24,10.628684255246455
47,44,0.0
14,25,-0.8637911184359829
5,16,-13.683347773734589
11,28,-6.1169835321367385
31,7,-12.455203453609174
18,50,5.18474675910669
15,38,0.37525321804666945
31,37,0.0
47,35,0.0
26,37,0.0
6,10,-11.784389195437575
51,28,12.910397127008302
46,23,9.22663742909798
31,27,11.791165551062651
29,29,18.940364454211625
19,27,6.13804291642369
44,3,-19.785404482216013
42,28,12.910397127008302
27,8,-10.344193111909247
35,28,12.910397127008302
45,25,11.791165550763036
36,15,-1.540673638502658
4,50,-14.286381667457402
43,24,10.628684255246455
19,31,6.13804291642369
42,23,9.22663742909798
48,46,0.0
48,33,0.0
47,15,-1.540673638502658
42,49,0.0
3,51,-15.235782804487474
46,41,0.0
38,21,8.751514043386525
41,39,0.0
23,10,-8.361121448879597
26,14,-2.6792491776782295
47,13,-3.7084776768065795
30,28,12.910397127008302
18,36,5.18474675910669
20,31,6.5446127371864
35,21,8.751514043386525
14,4,-17.012310274261377
20,28,6.5446127371864
37,38,0.0
24,17,0.8268665555148601
50,34,0.0
49,3,-19.785404482216013
17,19,1.9394425512007465
11,40,-6.1169835321367385
38,19,4.666052236993791
29,15,-1.540673638502658
20,9,-9.517220213722833
22,44,8.255841715545385
3,5,-16.04200998992374
18,31,5.18474675910669
43,45,0.0
9,22,-7.858481840058973
16,29,1.664167983502631
22,5,-14.515799133427219
40,52,0.0
11,6,-12.3213909178633
10,24,-5.768169129102502
23,48,10.137808404375335
41,46,0.0
22,31,8.255841715545385
24,44,0.0
13,51,-1.9118088991036317
47,28,12.910397127008302
35,7,-12.455203453609174
51,8,-10.344193111909247
32,8,-10.344193111909247
47,19,4.666052236993791
43,43,0.0
37,22,9.602570129831907
5,23,-13.68325733243757
25,6,-12.84202221998138
25,7,-12.455203453609174
41,28,12.910397127008302
25,16,1.0300546212391035
48,36,0.0
32,6,-12.84202221998138
25,49,0.0
11,19,-6.11640371394708
41,26,11.869788391042226
29,17,0.8268665555148601
27,30,18.940364454211625
34,43,0.0
8,28,-8.693224029013505
20,10,-8.153795297236355
24,50,0.0
19,8,-10.344193111909247
22,29,8.255841715545385
15,21,0.36252783047087545
23,19,4.814041622820992
48,11,-7.2283080148231775
6,35,-11.751381800015736
52,44,0.0
27,10,-8.361121448879597
28,32,0.0
31,52,0.0
25,23,9.22663742909798
28,31,0.0
18,7,-12.455203453609174
42,3,-19.785404482216013
48,43,0.0
52,20,4.89707801122989
39,28,12.910397127008302
51,50,0.0
16,34,1.664167983502631
22,6,-12.84202221998138
42,10,-8.361121448879597
13,35,-1.9118088991036317
27,42,0.0
19,49,6.13804291642369
3,49,-15.235782804487474
40,14,-2.6792491776782295
35,35,0.0
6,17,-11.75044596301255
34,21,8.751514043386525
38,37,0.0
47,25,11.791165550763036
38,7,-12.455203453609174
14,33,-0.8650477945691892
47,16,1.0300546212391035
22,15,0.43135182566631747
49,15,-1.540673638502658
37,35,0.0
23,9,-8.947566258128147
28,23,9.22663742909798
17,24,2.1709429902142694
17,44,2.15016358251667
7,16,-10.304584045605122
20,29,6.5446127371864
44,36,0.0
38,23,9.22663742909798
18,24,5.113733382192134
43,16,1.0300546212391035
40,13,-3.7084776768065795
51,17,0.8268665555148601
39,21,8.751514043386525
20,33,6.5446127371864
43,13,-3.7084776768065795
36,7,-12.455203453609174
49,25,11.791165550763036
41,36,0.0
8,51,-8.693224029013505
13,45,-1.9118088991036317
49,17,0.8268665555148601
24,8,-10.344193111909247
34,38,0.0
3,9,-15.230751257001735
35,3,-19.785404482216013
23,11,-7.2283080148231775
37,44,0.0
36,28,12.910397127008302
45,45,0.0
8,37,-8.693224029013505
40,40,0.0
21,51,9.119996934682797
40,43,0.0
3,42,-15.235782804487474
4,17,-14.286266916839152
20,47,6.5446127371864
20,8,-10.344193111909247
17,16,0.5117197813052627
21,17,1.9875636300949908
47,49,0.0
18,48,5.18474675910669
17,11,-7.885798819649813
25,3,-19.785404482216013
36,43,0.0
43,29,18.940364454211625
44,48,0.0
43,25,11.791165550763036
43,23,9.22663742909798
12,28,-4.147829667361707
3,4,-16.476576712447045
42,50,0.0
16,32,1.664167983502631
21,35,9.119996934682797
11,38,-6.1169835321367385
45,11,-7.2283080148231775
8,45,-8.693224029013505
9,39,-7.858552744444414
52,34,0.0
8,48,-8.693224029013505
23,17,2.2681102711959213
27,25,11.791165550763036
7,40,-10.297335716209968
38,41,0.0
31,43,0.0
28,19,4.666052236993791
34,13,-3.7084776768065795
18,27,5.18474675910669
32,17,0.8268665555148601
18,19,3.122471621233751
36,36,0.0
41,50,0.0
24,45,0.0
3,20,-15.235782804487474
10,40,-5.76843281900354
14,11,-7.885798819649813
17,42,2.15016358251667
38,8,-10.344193111909247
50,10,-8.361121448879597
6,40,-11.751381800015736
47,11,-7.2283080148231775
10,35,-5.76843281900354
23,40,10.137808404375335
9,12,-8.06498308241338
15,26,0.37525321804666945
19,18,2.9848243314394223
14,46,-0.8650477945691892
32,11,-7.2283080148231775
10,11,-6.703127519977727
25,44,0.0
48,27,11.791165551062651
35,5,-14.515799133427219
18,26,5.18474675910669
46,45,0.0
45,38,0.0
43,30,18.940364454211625
40,19,4.666052236993791
31,51,0.0
28,51,0.0
46,15,-1.540673638502658
17,7,-12.455203453609174
29,13,-3.7084776768065795
29,11,-7.2283080148231775
26,7,-12.455203453609174
14,6,-12.84202221998138
36,37,0.0
22,17,1.721222437808256
36,25,11.791165550763036
35,9,-8.947566258128147
14,47,-0.8650477945691892
18,33,5.18474675910669
40,37,0.0
40,29,18.940364454211625
48,17,0.8268665555148601
46,38,0.0
44,50,0.0
38,38,0.0
45,22,9.602570129831907
21,31,9.119996934682797
33,44,0.0
36,35,0.0
23,38,10.137808404375335
12,42,-4.147829667361707
30,43,0.0
42,39,0.0
47,46,0.0
43,4,-17.012310274261377
46,3,-19.785404482216013
19,13,-4.495287949925033
52,52,0.0
44,45,0.0
40,15,-1.540673638502658
52,48,0.0
27,12,-6.05755615999122
40,11,-7.2283080148231775
51,49,0.0
41,29,18.940364454211625
22,30,8.255841715545385
47,34,0.0
38,4,-17.012310274261377
39,32,0.0
25,43,0.0
27,3,-19.785404482216013
28,33,0.0
17,12,-5.197656595496094
10,7,-12.902280072722506
41,11,-7.2283080148231775
12,7,-13.267449357537869
51,48,0.0
38,40,0.0
52,51,0.0
50,13,-3.7084776768065795
50,6,-12.84202221998138
23,34,10.137808404375335
31,4,-17.012310274261377
43,7,-12.455203453609174
48,23,9.22663742909798
21,3,-19.785404482216013
8,3,-18.707483682567528
13,40,-1.9118088991036317
10,29,-5.76843281900354
29,22,9.602570129831907
38,15,-1.540673638502658
25,18,4.0145353628101965
34,34,0.0
25,38,0.0
30,37,0.0
30,34,0.0
29,48,0.0
50,35,0.0
13,46,-1.9118088991036317
34,36,0.0
11,24,-6.117066349586351
44,42,0.0
11,47,-6.1169835321367385
35,18,4.0145353628101965
43,20,4.89707801122989
12,22,-4.148716192198889
32,44,0.0
23,25,10.130607676618112
51,43,0.0
48,32,0.0
37,47,0.0
21,34,9.119996934682797
17,35,2.15016358251667
20,5,-14.515799133427219
38,35,0.0
11,35,-6.1169835321367385
17,32,2.15016358251667
44,29,18.940364454211625
32,35,0.0
14,3,-19.785404482216013
42,38,0.0
18,44,5.18474675910669
22,47,8.255841715545385
10,5,-16.07335428259731
16,44,1.664167983502631
28,21,8.751514043386525
49,38,0.0
32,29,18.940364454211625
24,6,-12.84202221998138
30,32,0.0
45,13,-3.7084776768065795
25,42,0.0
37,29,18.940364454211625
14,26,-0.8650477945691892
46,48,0.0
4,39,-14.286381667457402
37,25,11.791165550763036
37,24,10.628684255246455
26,52,0.0
44,44,0.0
16,30,1.664167983502631
33,4,-17.012310274261377
8,22,-8.693270739432265
19,46,6.13804291642369
24,30,18.940364454211625
38,36,0.0
24,29,18.940364454211625
50,18,4.0145353628101965
28,39,0.0
10,22,-5.768476763940564
27,29,18.940364454211625
17,14,-2.173855275426019
31,42,0.0
17,27,2.15016358251667
11,16,-6.076238361052152
37,39,0.0
17,13,-4.317516593016387
6,38,-11.751381800015736
38,33,0.0
12,8,-11.064956828264766
52,12,-6.05755615999122
27,38,0.0
14,43,-0.8650477945691892
28,14,-2.6792491776782295
44,52,0.0
25,5,-14.515799133427219
51,29,18.940364454211625
19,28,6.13804291642369
26,48,0.0
24,13,-3.7084776768065795
10,49,-5.76843281900354
33,20,4.89707801122989
19,50,6.13804291642369
3,37,-15.235782804487474
11,13,-6.242257631944807
17,40,2.15016358251667
51,46,0.0
50,28,12.910397127008302
15,4,-17.012310274261377
10,48,-5.76843281900354
48,50,0.0
13,48,-1.9118088991036317
21,25,8.959911519340762
32,14,-2.6792491776782295
31,21,8.751514043386525
13,27,-1.9118088991036317
21,8,-10.344193111909247
22,35,8.255841715545385
18,18,4.0145353628101965
22,52,8.255841715545385
18,25,5.18474675910669
33,25,11.791165550763036
18,13,-5.22630291855915
52,38,0.0
10,14,-5.67823048482409
19,20,5.253574474041745
20,37,6.5446127371864
22,18,4.532326757388829
32,51,0.0
15,39,0.37525321804666945
33,48,0.0
40,12,-6.05755615999122
22,8,-10.344193111909247
7,29,-10.297335716209968
40,25,11.791165550763036
24,34,0.0
4,38,-14.286381667457402
20,22,6.089044875444065
31,34,0.0
30,31,0.0
37,10,-8.361121448879597
46,7,-12.455203453609174
20,41,6.5446127371864
29,33,0.0
13,50,-1.9118088991036317
34,5,-14.515799133427219
8,46,-8.693224029013505
48,40,0.0
11,45,-6.1169835321367385
36,6,-12.84202221998138
47,8,-10.344193111909247
28,3,-19.785404482216013
8,43,-8.693224029013505
39,51,0.0
13,22,-1.9175434536999563
29,34,0.0
42,51,0.0
9,49,-7.858552744444414
21,49,9.119996934682797
34,27,11.791165551062651
30,13,-3.7084776768065795
34,45,0.0
26,45,0.0
4,45,-14.286381667457402
6,34,-11.751381800015736
50,33,0.0
37,21,8.751514043386525
40,4,-17.012310274261377
15,48,0.37525321804666945
25,31,0.0
18,34,5.18474675910669
16,35,1.664167983502631
16,38,1.664167983502631
11,31,-6.1169835321367385
8,24,-8.693294094232554
36,33,0.0
8,17,-8.68522046119607
5,12,-13.676583550446825
43,8,-10.344193111909247
15,36,0.37525321804666945
43,52,0.0
5,4,-16.04200998992374
12,51,-4.147829667361707
14,7,-12.902280072722506
3,47,-15.235782804487474
24,3,-19.785404482216013
44,4,-17.012310274261377
31,44,0.0
52,42,0.0
37,8,-10.344193111909247
26,50,0.0
52,10,-8.361121448879597
18,15,-1.3081414622419953
29,30,18.940364454211625
15,32,0.37525321804666945
33,3,-19.785404482216013
48,10,-8.361121448879597
31,47,0.0
17,25,2.1553382296470844
4,18,-14.28616899110509
41,9,-8.947566258128147
15,35,0.37525321804666945
37,45,0.0
40,17,0.8268665555148601
15,47,0.37525321804666945
25,36,0.0
28,41,0.0
44,51,0.0
24,24,10.628684255246455
27,7,-12.455203453609174
52,27,11.791165551062651
35,14,-2.6792491776782295
22,36,8.255841715545385
3,30,-15.235782804487474
22,24,8.515947972044623
10,26,-5.76843281900354
15,15,-1.540673638502658
48,15,-1.540673638502658
24,27,11.791165551062651
5,24,-13.683247911233925
18,30,5.18474675910669
8,23,-8.693270739432265
7,18,-10.298697420132932
30,48,0.0
46,50,0.0
7,51,-10.297335716209968
10,31,-5.76843281900354
18,52,5.18474675910669
4,32,-14.286381667457402
8,26,-8.693224029013505
42,44,0.0
32,3,-19.785404482216013
11,23,-6.117066349586351
37,14,-2.6792491776782295
38,43,0.0
35,13,-3.7084776768065795
8,21,-8.693270739432265
43,46,0.0
39,47,0.0
16,26,1.667784621016553
45,10,-8.361121448879597
13,43,-1.9118088991036317
49,8,-10.344193111909247
52,49,0.0
48,49,0.0
9,6,-14.687706580361345
45,3,-19.785404482216013
17,8,-10.646878801305366
9,52,-7.858552744444414
13,5,-13.877422814012665
11,43,-6.1169835321367385
21,41,9.119996934682797
33,8,-10.344193111909247
25,14,-2.6792491776782295
50,37,0.0
6,47,-11.751381800015736
37,49,0.0
16,27,1.664167983502631
35,38,0.0
49,37,0.0
45,35,0.0
51,3,-19.785404482216013
40,38,0.0
43,33,0.0
41,38,0.0
38,51,0.0
15,41,0.37525321804666945
51,24,10.628684255246455
22,51,8.255841715545385
33,52,0.0
49,4,-17.012310274261377
46,25,11.791165550763036
19,23,6.1801497348123835
9,34,-7.858552744444414
31,38,0.0
45,27,11.791165551062651
7,45,-10.297335716209968
16,5,-14.515799133427219
43,22,9.602570129831907
25,8,-10.344193111909247
11,14,-6.076238361052152
15,19,0.10872241843706168
3,21,-15.235790418448243
28,17,0.8268665555148601
46,24,10.628684255246455
33,9,-8.947566258128147
49,26,11.869788391042226
26,31,0.0
29,38,0.0
45,39,0.0
18,12,-5.197656595496094
42,26,11.869788391042226
52,32,0.0
10,45,-5.76843281900354
23,44,10.137808404375335
45,52,0.0
15,34,0.37525321804666945
34,17,0.8268665555148601
16,7,-12.455203453609174
35,19,4.666052236993791
9,48,-7.858552744444414
6,21,-11.751436253237326
35,34,0.0
50,11,-7.2283080148231775
21,16,0.43135182566631747
19,51,6.13804291642369
39,49,0.0
3,39,-15.235782804487474
20,3,-19.785404482216013
40,39,0.0
28,52,0.0
26,17,0.8268665555148601
39,34,0.0
30,39,0.0
13,21,-1.9355453754181065
21,26,8.948394188931683
5,30,-13.683253563961438
24,22,9.602570129831907
10,28,-5.76843281900354
11,9,-8.660158187945477
6,22,-11.75135704806126
40,27,11.791165551062651
38,42,0.0
38,34,0.0
30,9,-8.947566258128147
48,21,8.751514043386525
21,20,5.687703484516237
25,29,18.940364454211625
29,50,0.0
9,9,-8.947566258128147
16,22,1.7509374747074697
33,16,1.0300546212391035
38,49,0.0
44,40,0.0
38,14,-2.6792491776782295
46,13,-3.7084776768065795
47,50,0.0
9,41,-7.858552744444414
14,41,-0.8650477945691892
46,28,12.910397127008302
32,30,18.940364454211625
37,30,18.940364454211625
21,47,9.119996934682797
50,17,0.8268665555148601
33,6,-12.84202221998138
49,41,0.0
12,43,-4.147829667361707
18,38,5.18474675910669
30,35,0.0
36,41,0.0
15,5,-13.877422814012665
38,9,-8.947566258128147
30,49,0.0
32,37,0.0
41,21,8.751514043386525
44,10,-8.361121448879597
4,27,-14.286381667457402
12,52,-4.147829667361707
7,12,-10.38146038374064
49,40,0.0
18,47,5.18474675910669
33,15,-1.540673638502658
46,34,0.0
24,5,-14.515799133427219
13,44,-1.9118088991036317
27,23,9.22663742909798
16,28,1.664167983502631
49,33,0.0
19,34,6.13804291642369
16,13,-2.1855740589539323
20,44,6.5446127371864
7,41,-10.297335716209968
10,17,-5.719003647920218
18,21,4.957228988394867
46,18,4.0145353628101965
4,10,-14.319935589890791
26,5,-14.515799133427219
3,8,-15.352058478092127
10,16,-5.792588176783499
43,21,8.751514043386525
33,43,0.0
52,25,11.791165550763036
33,12,-6.05755615999122
40,34,0.0
47,30,18.940364454211625
32,5,-14.515799133427219
12,37,-4.147829667361707
24,39,0.0
4,14,-14.285483376681496
36,5,-14.515799133427219
45,4,-17.012310274261377
47,3,-19.785404482216013
51,38,0.0
38,44,0.0
32,36,0.0
10,46,-5.76843281900354
17,39,2.15016358251667
46,22,9.602570129831907
6,3,-18.62850730083046
30,42,0.0
12,47,-4.147829667361707
18,28,5.18474675910669
24,18,4.0145353628101965
15,22,0.3710024194216262
10,47,-5.76843281900354
45,42,0.0
22,34,8.255841715545385
21,36,9.119996934682797
50,30,18.940364454211625
36,34,0.0
51,23,9.22663742909798
34,52,0.0
14,10,-7.660834463879062
48,39,0.0
8,52,-8.693224029013505
46,40,0.0
9,27,-7.858552744444414
26,49,0.0
51,51,0.0
21,4,-17.012310274261377
5,6,-13.701342878703784
28,46,0.0
52,45,0.0
16,16,1.0300546212391035
4,6,-14.512978800114798
15,44,0.37525321804666945
31,32,0.0
22,28,8.255841715545385
7,33,-10.297335716209968
26,42,0.0
46,27,11.791165551062651
41,52,0.0
37,31,0.0
31,31,0.0
40,9,-8.947566258128147
33,42,0.0
35,25,11.791165550763036
3,12,-15.230751257001735
6,24,-11.75138675036987
39,11,-7.2283080148231775
11,36,-6.1169835321367385
20,38,6.5446127371864
37,48,0.0
35,31,0.0
5,50,-13.683253563961438
45,50,0.0
13,9,-9.289628256773161
52,15,-1.540673638502658
44,43,0.0
43,36,0.0
4,3,-18.91434790761376
33,14,-2.6792491776782295
6,14,-11.769374388774642
23,36,10.137808404375335
24,12,-6.05755615999122
10,8,-11.918993426806344
15,10,-9.523057338819562
40,28,12.910397127008302
14,31,-0.8650477945691892
3,7,-15.574607390757965
7,43,-10.297335716209968
11,3,-19.420781585399574
15,43,0.37525321804666945
19,38,6.13804291642369
47,7,-12.455203453609174
46,10,-8.361121448879597
35,37,0.0
28,9,-8.947566258128147
38,18,4.0145353628101965
26,15,-1.540673638502658
17,17,0.8268665555148601
49,47,0.0
12,16,-4.16636466321445
5,34,-13.683253563961438
26,20,4.89707801122989
32,38,0.0
41,3,-19.785404482216013
3,6,-15.466426839878906
31,48,0.0
22,37,8.255841715545385
5,20,-13.683166887050552
16,39,1.664167983502631
19,10,-8.548959887027024
19,45,6.13804291642369
23,5,-14.515799133427219
7,23,-10.297284506246555
35,45,0.0
9,33,-7.858552744444414
44,34,0.0
49,36,0.0
36,26,11.869788391042226
27,49,0.0
7,49,-10.297335716209968
51,21,8.751514043386525
14,30,-0.8650477945691892
15,27,0.37525321804666945
20,12,-6.379631327433602
38,16,1.0300546212391035
5,38,-13.683253563961438
39,20,4.89707801122989
3,41,-15.235782804487474
4,52,-14.286381667457402
18,14,-2.6541834880124395
25,20,4.89707801122989
44,35,0.0
17,18,1.9394425512007465
3,27,-15.235782804487474
39,44,0.0
3,43,-15.235782804487474
20,48,6.5446127371864
50,16,1.0300546212391035
25,41,0.0
30,8,-10.344193111909247
36,51,0.0
33,31,0.0
49,43,0.0
48,41,0.0
32,26,11.869788391042226
44,8,-10.344193111909247
25,19,4.666052236993791
41,8,-10.344193111909247
19,33,6.13804291642369
5,14,-13.68623973793078
51,40,0.0
35,51,0.0
29,10,-8.361121448879597
40,46,0.0
4,24,-14.286381667457402
28,4,-17.012310274261377
44,49,0.0
26,10,-8.361121448879597
40,33,0.0
9,40,-7.858552744444414
25,9,-8.947566258128147
22,33,8.255841715545385
43,37,0.0
38,50,0.0
50,51,0.0
43,14,-2.6792491776782295
3,32,-15.235782804487474
9,3,-18.39921120290995
7,24,-10.297325474322182
27,33,0.0
29,12,-6.05755615999122
51,31,0.0
24,16,1.0300546212391035
33,28,12.910397127008302
45,43,0.0
11,17,-6.119052940263741
35,44,0.0
24,32,0.0
29,6,-12.84202221998138
26,22,9.602570129831907
32,12,-6.05755615999122
33,23,9.22663742909798
36,50,0.0
50,32,0.0
14,27,-0.8650477945691892
30,6,-12.84202221998138
31,5,-14.515799133427219
52,46,0.0
7,42,-10.297335716209968
36,3,-19.785404482216013
51,41,0.0
33,26,11.869788391042226
34,26,11.869788391042226
6,26,-11.751381800015736
32,49,0.0
45,19,4.666052236993791
39,8,-10.344193111909247
12,3,-19.420781585399574
17,51,2.15016358251667
37,17,0.8268665555148601
18,20,4.24172971825766
47,36,0.0
44,20,4.89707801122989
8,42,-8.693224029013505
50,39,0.0
36,17,0.8268665555148601
34,31,0.0
17,6,-12.84202221998138
29,16,1.0300546212391035
6,46,-11.751381800015736
11,39,-6.1169835321367385
40,22,9.602570129831907
8,14,-8.62736331931774
38,30,18.940364454211625
40,36,0.0
11,46,-6.1169835321367385
18,42,5.18474675910669
6,31,-11.751381800015736
23,50,10.137808404375335
4,26,-14.286381667457402
36,23,9.22663742909798
38,13,-3.7084776768065795
46,39,0.0
11,32,-6.1169835321367385
51,45,0.0
38,25,11.791165550763036
43,3,-19.785404482216013
48,18,4.0145353628101965
25,30,18.940364454211625
32,10,-8.361121448879597
12,6,-13.13091344893679
23,42,10.137808404375335
33,30,18.940364454211625
46,43,0.0
27,27,11.791165551062651
7,48,-10.297335716209968
24,43,0.0
29,23,9.22663742909798
46,29,18.940364454211625
30,45,0.0
34,32,0.0
35,47,0.0
36,12,-6.05755615999122
51,16,1.0300546212391035
36,27,11.791165551062651
31,19,4.666052236993791
44,14,-2.6792491776782295
9,43,-7.858552744444414
32,33,0.0
39,46,0.0
26,44,0.0
9,28,-7.858552744444414
14,12,-6.05755615999122
27,39,0.0
40,31,0.0
18,6,-12.84202221998138
20,52,6.5446127371864
19,3,-19.785404482216013
17,49,2.15016358251667
27,18,4.0145353628101965
39,3,-19.785404482216013
45,5,-14.515799133427219
35,50,0.0
28,25,11.791165550763036
42,45,0.0
34,19,4.666052236993791
12,29,-4.147829667361707
49,24,10.628684255246455
5,21,-13.683227184429693
3,22,-15.235782804487474
9,29,-7.858552744444414
44,30,18.940364454211625
23,47,10.137808404375335
42,36,0.0
33,39,0.0
34,48,0.0
24,21,8.751514043386525
29,8,-10.344193111909247
32,7,-12.455203453609174
39,40,0.0
12,26,-4.147829667361707
27,48,0.0
36,48,0.0
29,25,11.791165550763036
27,13,-3.7084776768065795
10,9,-9.921286299952849
41,5,-14.515799133427219
35,6,-12.84202221998138
14,52,-0.8650477945691892
11,51,-6.1169835321367385
8,25,-8.693224029013505
12,18,-4.180372161926016
24,47,0.0
43,31,0.0
18,35,5.18474675910669
48,4,-17.012310274261377
21,7,-12.455203453609174
52,7,-12.455203453609174
47,41,0.0
11,10,-8.947566258128147
19,29,6.13804291642369
41,19,4.666052236993791
16,20,1.6408179203402846
12,14,-3.9277763227018387
34,47,0.0
22,14,-2.6792491776782295
23,6,-12.84202221998138
42,14,-2.6792491776782295
7,17,-10.304584045605122
6,48,-11.751381800015736
51,13,-3.7084776768065795
7,37,-10.297335716209968
29,19,4.666052236993791
12,19,-4.180372161926016
6,9,-12.148111793569292
9,50,-7.858552744444414
29,39,0.0
27,36,0.0
41,15,-1.540673638502658
19,24,6.267119958700288
25,32,0.0
36,4,-17.012310274261377
31,24,10.628684255246455
42,4,-17.012310274261377
36,18,4.0145353628101965
13,20,-1.865021351481425
31,33,0.0
13,8,-9.670734430653965
21,28,9.119996934682797
30,30,18.940364454211625
7,3,-19.785404482216013
8,36,-8.693224029013505
48,25,11.791165550763036
48,26,11.869788391042226
41,18,4.0145353628101965
41,22,9.602570129831907
12,36,-4.147829667361707
23,41,10.137808404375335
49,22,9.602570129831907
32,25,11.791165550763036
32,9,-8.947566258128147
5,45,-13.683253563961438
9,37,-7.858552744444414
12,27,-4.147829667361707
22,10,-8.361121448879597
30,38,0.0
26,40,0.0
35,23,9.22663742909798
19,47,6.13804291642369
21,42,9.119996934682797
39,38,0.0
19,22,6.409730175582612
15,24,0.3795130705616207
21,40,9.119996934682797
27,16,1.0300546212391035
26,30,18.940364454211625
52,5,-14.515799133427219
16,17,2.0265928862991696
13,17,-2.2793716477522508
6,12,-11.63966338759259
52,50,0.0
41,4,-17.012310274261377
35,42,0.0
34,42,0.0
13,26,-1.9118088991036317
45,41,0.0
32,41,0.0
25,48,0.0
11,4,-17.012310274261377
25,4,-17.012310274261377
19,16,0.43082845275761167
46,49,0.0
39,52,0.0
6,44,-11.751381800015736
27,40,0.0
22,48,8.255841715545385
41,32,0.0
7,6,-14.776869485721674
26,46,0.0
17,52,2.15016358251667
46,31,0.0
13,41,-1.9118088991036317
9,32,-7.858552744444414
8,30,-8.693224029013505
14,8,-10.094140642882746
11,22,-6.11673505920959
25,47,0.0
11,21,-6.119714698893298
52,39,0.0
17,37,2.15016358251667
28,30,18.940364454211625
22,43,8.255841715545385
12,32,-4.147829667361707
32,48,0.0
44,19,4.666052236993791
25,50,0.0
29,32,0.0
36,22,9.602570129831907
21,29,9.119996934682797
16,33,1.664167983502631
25,12,-6.05755615999122
13,37,-1.9118088991036317
29,44,0.0
18,49,5.18474675910669
8,15,-8.676195662982797
49,50,0.0
10,12,-6.379631327433602
32,52,0.0
9,10,-8.721171857603727
28,13,-3.7084776768065795
52,17,0.8268665555148601
20,13,-3.2048870365391076
48,8,-10.344193111909247
31,6,-12.84202221998138
12,31,-4.147829667361707
52,22,9.602570129831907
31,35,0.0
48,42,0.0
33,47,0.0
52,47,0.0
40,21,8.751514043386525
42,47,0.0
30,51,0.0
18,22,4.957228988394867
6,16,-11.746638685403967
14,49,-0.8650477945691892
46,17,0.8268665555148601
21,39,9.119996934682797
35,26,11.869788391042226
46,42,0.0
4,23,-14.286380137492465
20,25,6.4986337007325625
27,31,0.0
4,11,-14.255479074279588
24,31,0.0
10,41,-5.76843281900354
42,27,11.791165551062651
31,18,4.0145353628101965
26,51,0.0
47,51,0.0
4,31,-14.286381667457402
27,6,-12.84202221998138
45,17,0.8268665555148601
4,44,-14.286381667457402
41,45,0.0
11,26,-6.1169835321367385
3,16,-15.23587417010366
16,50,1.664167983502631
41,23,9.22663742909798
26,41,0.0
18,41,5.18474675910669
36,45,0.0
13,11,-6.795445608781804
45,18,4.0145353628101965
6,6,-12.84202221998138
9,19,-7.859332526824125
9,30,-7.858552744444414
32,47,0.0
45,28,12.910397127008302
46,51,0.0
22,42,8.255841715545385
20,45,6.5446127371864
24,48,0.0
44,41,0.0
42,11,-7.2283080148231775
32,43,0.0
43,28,12.910397127008302
30,24,10.628684255246455
49,35,0.0
21,11,-7.2283080148231775
49,10,-8.361121448879597
36,11,-7.2283080148231775
13,36,-1.9118088991036317
52,6,-12.84202221998138
7,39,-10.297335716209968
18,39,5.18474675910669
3,26,-15.235782804487474
34,11,-7.2283080148231775
32,15,-1.540673638502658
4,40,-14.286381667457402
31,41,0.0
37,34,0.0
43,26,11.869788391042226
31,23,9.22663742909798
8,11,-8.532104955764831
7,13,-10.401471298638988
38,3,-19.785404482216013
40,51,0.0
8,20,-8.693457570198756
25,34,0.0
26,23,9.22663742909798
13,19,-1.9283640391565706
52,35,0.0
25,37,0.0
6,5,-14.515799133427219
10,6,-13.080624116549593
19,9,-9.517220213722833
28,28,12.910397127008302
15,29,0.37525321804666945
48,20,4.89707801122989
6,42,-11.751381800015736
39,23,9.22663742909798
39,7,-12.455203453609174
8,47,-8.693224029013505
6,11,-11.574281605802303
52,24,10.628684255246455
37,20,4.89707801122989
46,47,0.0
3,15,-15.235630519184694
9,14,-7.858198197377365
45,33,0.0
16,21,1.6695953952454066
20,51,6.5446127371864
39,31,0.0
32,19,4.666052236993791
44,5,-14.515799133427219
42,8,-10.344193111909247
5,40,-13.683253563961438
18,17,0.7330993837161344
43,19,4.666052236993791
19,32,6.13804291642369
50,26,11.869788391042226
20,18,4.0145353628101965
16,37,1.664167983502631
24,36,0.0
26,9,-8.947566258128147
19,7,-12.455203453609174
46,16,1.0300546212391035
36,16,1.0300546212391035
14,20,-0.9809692268523527
20,50,6.5446127371864
19,42,6.13804291642369
32,50,0.0
49,18,4.0145353628101965
19,21,7.014291919331155
7,7,-12.455203453609174
13,25,-1.9105995264287188
24,37,0.0
30,25,11.791165550763036
36,19,4.666052236993791
33,13,-3.7084776768065795
32,24,10.628684255246455
45,47,0.0
20,40,6.5446127371864
30,47,0.0
13,6,-13.662604066848207
32,34,0.0
33,5,-14.515799133427219
4,21,-14.286377077559079
34,35,0.0
25,46,0.0
20,35,6.5446127371864
45,14,-2.6792491776782295
28,34,0.0
5,15,-13.681417471805437
8,41,-8.693224029013505
44,24,10.628684255246455
21,10,-8.361121448879597
44,47,0.0
38,39,0.0
20,39,6.5446127371864
23,27,10.016559160796449
5,22,-13.683249795478206
31,40,0.0
4,15,-14.287050150149426
7,34,-10.297335716209968
7,21,-10.297223052559584
12,49,-4.147829667361707
41,40,0.0
50,15,-1.540673638502658
17,33,2.15016358251667
7,28,-10.297335716209968
33,45,0.0
20,11,-7.2283080148231775
35,48,0.0
27,43,0.0
26,25,11.791165550763036
27,19,4.666052236993791
7,31,-10.297335716209968
14,44,-0.8650477945691892
51,42,0.0
49,28,12.910397127008302
34,6,-12.84202221998138
30,20,4.89707801122989
29,27,11.791165551062651
3,13,-15.236604944813854
6,29,-11.751381800015736
51,22,9.602570129831907
43,50,0.0
51,19,4.666052236993791
10,37,-5.76843281900354
4,43,-14.286381667457402
47,31,0.0
9,24,-7.8585881956945185
38,48,0.0
27,11,-7.2283080148231775
50,23,9.22663742909798
42,31,0.0
34,9,-8.947566258128147
12,45,-4.147829667361707
29,4,-17.012310274261377
42,5,-14.515799133427219
15,16,0.43135182566631747
8,13,-8.815922161442982
19,25,6.1801497348123835
48,7,-12.455203453609174
14,29,-0.8650477945691892
12,44,-4.147829667361707
51,6,-12.84202221998138
4,5,-15.535194432570199
7,36,-10.297335716209968
5,49,-13.683253563961438
40,24,10.628684255246455
14,9,-9.960073360842506
48,28,12.910397127008302
10,21,-5.768125177405388
23,20,6.554289466006612
45,31,0.0
46,9,-8.947566258128147
50,45,0.0
41,37,0.0
8,16,-8.694204718784945
38,26,11.869788391042226
18,45,5.18474675910669
41,24,10.628684255246455
18,40,5.18474675910669
7,15,-10.31500656713121
26,32,0.0
31,29,18.940364454211625
49,52,0.0
19,52,6.13804291642369
52,33,0.0
38,52,0.0
24,28,12.910397127008302
7,32,-10.297335716209968
50,36,0.0
8,39,-8.693224029013505
42,22,9.602570129831907
6,8,-13.661036018444756
17,43,2.15016358251667
23,22,7.884928061900129
45,8,-10.344193111909247
13,10,-8.148007742649158
10,51,-5.76843281900354
42,35,0.0
41,7,-12.455203453609174
4,4,-17.012310274261377
51,20,4.89707801122989
42,40,0.0
49,19,4.666052236993791
3,18,-15.235813260156633
12,46,-4.147829667361707
28,10,-8.361121448879597
38,29,18.940364454211625
43,42,0.0
23,13,-3.7084776768065795
29,3,-19.785404482216013
23,8,-10.344193111909247
37,50,0.0
46,30,18.940364454211625
8,6,-15.052134164218652
40,7,-12.455203453609174
14,24,-0.8700666177798766
33,40,0.0
16,6,-12.84202221998138
11,29,-6.1169835321367385
45,36,0.0
13,31,-1.9118088991036317
21,45,9.119996934682797
21,19,5.102830632584694
47,45,0.0
41,43,0.0
26,38,0.0
52,4,-17.012310274261377
5,37,-13.683253563961438
49,29,18.940364454211625
51,12,-6.05755615999122
23,3,-19.785404482216013
39,13,-3.7084776768065795
25,13,-3.7084776768065795
34,50,0.0
27,35,0.0
4,8,-14.390810326226536
39,43,0.0
43,5,-14.515799133427219
50,52,0.0
27,51,0.0
42,16,1.0300546212391035
38,17,0.8268665555148601
14,35,-0.8650477945691892
34,33,0.0
44,21,8.751514043386525
36,9,-8.947566258128147
24,40,0.0
49,48,0.0
28,11,-7.2283080148231775
19,44,6.13804291642369
19,4,-17.012310274261377
18,3,-19.785404482216013
43,35,0.0
14,14,-2.6792491776782295
42,15,-1.540673638502658
4,9,-14.390810326226536
35,8,-10.344193111909247
12,13,-4.16636466321445
37,52,0.0
4,49,-14.286381667457402
38,20,4.89707801122989
35,30,18.940364454211625
8,35,-8.693224029013505
4,29,-14.286381667457402
3,25,-15.235782804487474
49,16,1.0300546212391035
29,28,12.910397127008302
46,37,0.0
39,41,0.0
17,10,-8.548959887027024
15,6,-12.84202221998138
38,12,-6.05755615999122
32,42,0.0
42,7,-12.455203453609174
22,32,8.255841715545385
4,37,-14.286381667457402
30,41,0.0
12,20,-4.148716192198889
12,12,-6.05755615999122
24,46,0.0
31,9,-8.947566258128147
35,36,0.0
9,35,-7.858552744444414
29,43,0.0
35,15,-1.540673638502658
32,18,4.0145353628101965
8,50,-8.693224029013505
39,9,-8.947566258128147
50,8,-10.344193111909247
28,20,4.89707801122989
25,15,-1.540673638502658
8,18,-8.694204718784945
50,31,0.0
34,22,9.602570129831907
5,7,-14.474253788107134
36,39,0.0
3,36,-15.235782804487474
20,32,6.5446127371864
15,13,-4.214109986161443
14,23,-0.8688130921981351
28,36,0.0
11,5,-15.052134164218652
11,50,-6.1169835321367385
33,35,0.0
4,13,-14.277631045443952
50,21,8.751514043386525
44,7,-12.455203453609174
12,34,-4.147829667361707
36,24,10.628684255246455
49,21,8.751514043386525
16,14,-2.7506880288890394
45,15,-1.540673638502658
40,5,-14.515799133427219
42,25,11.791165550763036
21,52,9.119996934682797
42,17,0.8268665555148601
5,3,-18.974524807545194
41,47,0.0
22,16,0.43135182566631747
44,31,0.0
22,41,8.255841715545385
30,33,0.0
46,5,-14.515799133427219
31,45,0.0
14,16,-1.0916602974867033
30,10,-8.361121448879597
4,28,-14.286381667457402
35,12,-6.05755615999122
36,42,0.0
11,18,-6.119052940263741
39,50,0.0
30,16,1.0300546212391035
25,17,0.8268665555148601
16,45,1.664167983502631
25,33,0.0
23,45,10.137808404375335
48,34,0.0
41,30,18.940364454211625
16,8,-10.344193111909247
5,42,-13.683253563961438
36,20,4.89707801122989
21,38,9.119996934682797
6,36,-11.751381800015736
44,9,-8.947566258128147
50,20,4.89707801122989
21,22,8.464344536048143
4,41,-14.286381667457402
34,15,-1.540673638502658
33,29,18.940364454211625
16,23,1.6623621143043235
10,15,-5.879587961536205
32,27,11.791165551062651
29,36,0.0
27,9,-8.947566258128147
23,29,10.137808404375335
30,52,0.0
19,26,6.056398927375313
9,47,-7.858552744444414
10,43,-5.76843281900354
48,47,0.0
41,51,0.0
37,15,-1.540673638502658
43,11,-7.2283080148231775
39,45,0.0
24,25,11.791165550763036
28,12,-6.05755615999122
11,15,-6.032487150453695
39,17,0.8268665555148601
52,9,-8.947566258128147
4,48,-14.286381667457402
32,40,0.0
45,51,0.0
33,46,0.0
31,25,11.791165550763036
16,24,1.6659754847545736
33,22,9.602570129831907
16,31,1.664167983502631
42,32,0.0
9,8,-10.322423890807887
21,21,8.751514043386525
12,15,-4.275770275100209
47,40,0.0
47,10,-8.361121448879597
39,29,18.940364454211625
37,26,11.869788391042226
29,20,4.89707801122989
9,26,-7.858552744444414
37,51,0.0
26,24,10.628684255246455
4,35,-14.286381667457402
3,17,-15.235752348354538
31,26,11.869788391042226
20,7,-12.455203453609174
10,50,-5.76843281900354
14,18,-0.8637911184359829
37,12,-6.05755615999122
12,33,-4.147829667361707
22,22,9.602570129831907
46,11,-7.2283080148231775
5,18,-13.683347773734589
47,12,-6.05755615999122
16,49,1.664167983502631
50,9,-8.947566258128147
35,29,18.940364454211625
23,51,10.137808404375335
30,3,-19.785404482216013
30,11,-7.2283080148231775
52,23,9.22663742909798
43,32,0.0
15,50,0.37525321804666945
18,29,5.18474675910669
31,13,-3.7084776768065795
49,13,-3.7084776768065795
15,33,0.37525321804666945
50,3,-19.785404482216013
47,17,0.8268665555148601
26,27,11.791165551062651
3,35,-15.235782804487474
9,25,-7.858517292565913
15,3,-19.785404482216013
42,46,0.0
48,3,-19.785404482216013
35,46,0.0
14,51,-0.8650477945691892
44,12,-6.05755615999122
43,9,-8.947566258128147
39,25,11.791165550763036
28,27,11.791165551062651
41,35,0.0
3,46,-15.235782804487474
23,21,7.014291919331155
43,51,0.0
20,14,-2.621521743950149
19,5,-14.515799133427219
33,21,8.751514043386525
41,27,11.791165551062651
21,30,9.119996934682797
7,9,-10.877615030919166
16,36,1.664167983502631
12,38,-4.147829667361707
3,45,-15.235782804487474
11,12,-6.795445608781804
23,30,10.137808404375335
9,46,-7.858552744444414
44,22,9.602570129831907
19,41,6.13804291642369
34,37,0.0
40,47,0.0
38,10,-8.361121448879597
39,36,0.0
27,28,12.910397127008302
44,38,0.0
18,16,-0.45824423337371045
13,32,-1.9118088991036317
17,30,2.15016358251667
42,9,-8.947566258128147
39,22,9.602570129831907
48,14,-2.6792491776782295
34,28,12.910397127008302
51,15,-1.540673638502658
36,40,0.0
13,4,-17.012310274261377
40,30,18.940364454211625
40,32,0.0
51,30,18.940364454211625
30,14,-2.6792491776782295
36,10,-8.361121448879597
18,37,5.18474675910669
52,19,4.666052236993791
34,20,4.89707801122989
7,47,-10.297335716209968
39,42,0.0
15,52,0.37525321804666945
7,22,-10.297345958045307
50,44,0.0
42,37,0.0
28,18,4.0145353628101965
47,33,0.0
7,26,-10.297335716209968
22,25,9.091312116987032
47,27,11.791165551062651
13,34,-1.9118088991036317
45,6,-12.84202221998138
17,29,2.15016358251667
30,46,0.0
8,7,-11.736152106718711
19,48,6.13804291642369
27,44,0.0
14,22,-0.858756502813392
51,52,0.0
16,47,1.664167983502631
9,42,-7.858552744444414
44,17,0.8268665555148601
40,44,0.0
16,3,-19.785404482216013
10,44,-5.76843281900354
51,37,0.0
45,7,-12.455203453609174
33,49,0.0
12,30,-4.147829667361707
24,49,0.0
39,30,18.940364454211625
16,43,1.664167983502631
33,17,0.8268665555148601
6,18,-11.75107980524066
45,30,18.940364454211625
43,49,0.0
47,18,4.0145353628101965
23,52,10.137808404375335
23,15,-0.45824423337371045
23,31,10.137808404375335
18,51,5.18474675910669
6,30,-11.751381800015736
45,32,0.0
51,33,0.0
9,51,-7.858552744444414
31,11,-7.2283080148231775
41,44,0.0
36,52,0.0
47,42,0.0
45,16,1.0300546212391035
52,31,0.0
35,20,4.89707801122989
9,21,-7.8590490047709505
49,31,0.0
5,9,-13.597608317270128
23,14,-2.205592790381092
7,46,-10.297335716209968
39,10,-8.361121448879597
26,26,11.869788391042226
21,32,9.119996934682797
5,41,-13.683253563961438
49,32,0.0
31,39,0.0
8,12,-8.860409469437148
15,9,-8.947566258128147
16,42,1.664167983502631
38,6,-12.84202221998138
48,19,4.666052236993791
41,17,0.8268665555148601
22,3,-19.785404482216013
7,10,-10.460330067244097
35,39,0.0
50,19,4.666052236993791
45,37,0.0
36,21,8.751514043386525
4,20,-14.28638931726453
24,51,0.0
33,32,0.0
28,6,-12.84202221998138
5,43,-13.683253563961438
52,28,12.910397127008302
17,9,-9.517220213722833
15,25,0.37312668940380095
49,9,-8.947566258128147
10,33,-5.76843281900354
31,17,0.8268665555148601
19,6,-12.84202221998138
10,13,-6.10098877478373
12,48,-4.147829667361707
38,46,0.0
28,29,18.940364454211625
41,13,-3.7084776768065795
39,6,-12.84202221998138
3,34,-15.235782804487474
23,33,10.137808404375335
27,24,10.628684255246455
24,9,-8.947566258128147
13,14,-4.735426126027539
6,23,-11.75138675036987
26,8,-10.344193111909247
43,10,-8.361121448879597
48,38,0.0
28,45,0.0
5,28,-13.683253563961438
4,7,-14.471245906046247
29,52,0.0
5,39,-13.683253563961438
39,19,4.666052236993791
26,12,-6.05755615999122
30,5,-14.515799133427219
28,48,0.0
28,26,11.869788391042226
31,49,0.0
7,8,-10.894918605651217
24,7,-12.455203453609174
10,18,-5.7561343109463285
28,24,10.628684255246455
27,17,0.8268665555148601
21,6,-12.84202221998138
9,18,-7.862731660155388
40,50,0.0
21,43,9.119996934682797
46,44,0.0
49,51,0.0
35,11,-7.2283080148231775
13,30,-1.9118088991036317
20,19,3.866819972585425
40,42,0.0
5,33,-13.683253563961438
28,35,0.0
8,5,-15.8553777233923
20,23,6.4986337007325625
36,32,0.0
10,42,-5.76843281900354
49,20,4.89707801122989
4,33,-14.286381667457402
21,15,-1.540673638502658
12,17,-4.248974814632941
46,6,-12.84202221998138
6,41,-11.751381800015736
26,28,12.910397127008302
49,14,-2.6792491776782295
44,27,11.791165551062651
20,49,6.5446127371864
46,32,0.0
7,25,-10.297315232381948
9,44,-7.858552744444414
51,27,11.791165551062651
6,32,-11.751381800015736
23,4,-17.012310274261377
4,34,-14.286381667457402
17,26,2.15016358251667
9,17,-7.858198197377365
47,47,0.0
41,49,0.0
40,23,9.22663742909798
28,43,0.0
15,17,0.169218523948046
5,8,-12.912630967941494
18,10,-8.878780606956266
51,25,11.791165550763036
3,38,-15.235782804487474
19,15,-1.1811560270785952
3,10,-15.261774793571012
19,30,6.13804291642369
26,19,4.666052236993791
29,14,-2.6792491776782295
12,41,-4.147829667361707
21,37,9.119996934682797
13,33,-1.9118088991036317
37,23,9.22663742909798
38,22,9.602570129831907
50,41,0.0
52,37,0.0
25,39,0.0
30,17,0.8268665555148601
39,18,4.0145353628101965
8,8,-10.344193111909247
26,39,0.0
27,46,0.0
34,18,4.0145353628101965
36,8,-10.344193111909247
34,7,-12.455203453609174
41,14,-2.6792491776782295
13,47,-1.9118088991036317
6,27,-11.751381800015736
5,11,-13.692011151290671
45,40,0.0
35,33,0.0
35,40,0.0
11,44,-6.1169835321367385
46,19,4.666052236993791
36,44,0.0
5,52,-13.683253563961438
9,7,-12.26550178985324
41,25,11.791165550763036
22,11,-7.2283080148231775
52,29,18.940364454211625
31,8,-10.344193111909247
12,24,-4.14760797473828
45,23,9.22663742909798
43,38,0.0
14,39,-0.8650477945691892
32,13,-3.7084776768065795
11,41,-6.1169835321367385
11,37,-6.1169835321367385
33,18,4.0145353628101965
47,43,0.0
16,46,1.664167983502631
15,45,0.37525321804666945
34,41,0.0
20,4,-17.012310274261377
33,24,10.628684255246455
15,46,0.37525321804666945
29,9,-8.947566258128147
12,4,-17.012310274261377
12,21,-4.157559894426643
7,14,-10.309802095670168
24,35,0.0
3,11,-15.246323178422134
19,11,-7.2283080148231775
22,12,-6.05755615999122
42,42,0.0
20,27,6.5446127371864
37,40,0.0
33,50,0.0
3,28,-15.235782804487474
42,52,0.0
16,51,1.664167983502631
49,42,0.0
52,18,4.0145353628101965
47,23,9.22663742909798
15,37,0.37525321804666945
47,26,11.869788391042226
49,11,-7.2283080148231775
20,16,0.6830327670167741
10,25,-5.768520707911983
21,14,-2.4564102354271165
46,46,0.0
37,37,0.0
32,28,12.910397127008302
40,16,1.0300546212391035
5,5,-14.515799133427219
25,35,0.0
8,40,-8.693224029013505
43,34,0.0
13,49,-1.9118088991036317
30,50,0.0
8,29,-8.693224029013505
30,44,0.0
12,11,-6.2527226924504244
27,26,11.869788391042226
41,34,0.0
4,47,-14.286381667457402
49,46,0.0
50,5,-14.515799133427219
42,48,0.0
22,26,8.407813529491815
11,25,-6.1169835321367385
47,14,-2.6792491776782295
48,5,-14.515799133427219
3,14,-15.235630519184694
7,27,-10.297335716209968
39,39,0.0
17,46,2.15016358251667
39,35,0.0
15,23,0.3880600921172219
10,38,-5.76843281900354
37,16,1.0300546212391035
6,51,-11.751381800015736
9,13,-7.70741946405584
50,24,10.628684255246455
7,20,-10.297223052559584
13,15,-2.076237371043488
15,18,0.44943423152317646
50,25,11.791165550763036
37,41,0.0
7,38,-10.297335716209968
13,29,-1.9118088991036317
21,44,9.119996934682797
51,4,-17.012310274261377
6,45,-11.751381800015736
31,16,1.0300546212391035
6,50,-11.751381800015736
29,40,0.0
4,25,-14.286381667457402
30,22,9.602570129831907
30,19,4.666052236993791
50,4,-17.012310274261377
27,47,0.0
47,22,9.602570129831907
19,43,6.13804291642369
3,29,-15.235782804487474
10,39,-5.76843281900354
9,36,-7.858552744444414
14,37,-0.8650477945691892
23,46,10.137808404375335
16,10,-9.161832312902378
51,26,11.869788391042226
14,15,-1.3599846029093468
43,48,0.0
48,6,-12.84202221998138
33,38,0.0
40,45,0.0
35,24,10.628684255246455
33,34,0.0
23,16,1.0886031059238155
14,17,-0.6065810110913545
13,13,-3.7084776768065795
7,50,-10.297335716209968
48,52,0.0
41,31,0.0
51,32,0.0
9,15,-7.876270715825625
24,10,-8.361121448879597
49,34,0.0
7,4,-16.617538372946754
17,34,2.15016358251667
11,52,-6.1169835321367385
11,48,-6.1169835321367385
30,4,-17.012310274261377
7,19,-10.297714629191688
34,25,11.791165550763036
21,23,8.464344536048143
3,19,-15.235721891757805
5,47,-13.683253563961438
32,22,9.602570129831907
32,32,0.0
36,49,0.0
18,4,-17.012310274261377
3,52,-15.235782804487474
13,16,-1.9283640391565706
36,29,18.940364454211625
14,32,-0.8650477945691892
18,11,-7.2283080148231775
47,29,18.940364454211625
50,29,18.940364454211625
35,41,0.0
52,43,0.0
29,45,0.0
6,28,-11.751381800015736
8,38,-8.693224029013505
10,52,-5.76843281900354
30,23,9.22663742909798
13,23,-1.9096920167709273
17,38,2.15016358251667
21,12,-6.05755615999122
4,46,-14.286381667457402
20,6,-12.84202221998138
17,20,2.2617463017733903
16,11,-5.951476212681343
22,21,7.012470529275512
41,41,0.0
43,47,0.0
5,25,-13.683253563961438
24,23,9.22663742909798
24,11,-7.2283080148231775
36,14,-2.6792491776782295
46,26,11.869788391042226
14,48,-0.8650477945691892
28,37,0.0
3,48,-15.235782804487474
44,13,-3.7084776768065795
16,25,1.6659754847545736
40,20,4.89707801122989
26,6,-12.84202221998138
40,6,-12.84202221998138
44,15,-1.540673638502658
18,43,5.18474675910669
39,33,0.0
19,39,6.13804291642369
15,49,0.37525321804666945
34,14,-2.6792491776782295
6,52,-11.751381800015736
22,20,5.794342402566921
40,3,-19.785404482216013
38,24,10.628684255246455
27,52,0.0
30,12,-6.05755615999122
48,22,9.602570129831907
21,33,9.119996934682797
48,24,10.628684255246455
34,12,-6.05755615999122
48,9,-8.947566258128147
45,29,18.940364454211625
46,36,0.0
52,13,-3.7084776768065795
11,27,-6.1169835321367385
32,39,0.0
4,30,-14.286381667457402
26,3,-19.785404482216013
22,45,8.255841715545385
10,27,-5.76843281900354
32,23,9.22663742909798
37,18,4.0145353628101965
22,4,-17.012310274261377
17,28,2.15016358251667
31,3,-19.785404482216013
39,37,0.0
12,35,-4.147829667361707
52,41,0.0
26,36,0.0
48,31,0.0
24,33,0.0
43,6,-12.84202221998138
38,28,12.910397127008302
25,45,0.0
37,11,-7.2283080148231775
42,24,10.628684255246455
15,8,-10.877615030919166
27,34,0.0
17,36,2.15016358251667
45,12,-6.05755615999122
5,32,-13.683253563961438
